{"ancho":"1349","alto":"672"}
{"ancho":"320","alto":"480"}
{"ancho":"320","alto":"480"}
{"ancho":"1091","alto":"585"}
{"ancho":"316","alto":"628"}
{"ancho":"487","alto":"628"}
{"ancho":"298","alto":"628"}
{"ancho":"414","alto":"736"}
{"ancho":"320","alto":"568"}
{"ancho":"320","alto":"568"}
{"ancho":"320","alto":"568"}
{"ancho":"320","alto":"568"}
{"ancho":"320","alto":"568"}
{"ancho":"320","alto":"568"}
{"ancho":"320","alto":"568"}
{"ancho":"320","alto":"568"}
{"ancho":"320","alto":"568"}
{"ancho":"320","alto":"568"}
{"ancho":"320","alto":"568"}
{"ancho":"320","alto":"568"}
{"ancho":"320","alto":"568"}
